,Method,Train R2,Train RMSE,Test R2,Test RMSE
0,Linear Regression,0.6382922793483442,80.13538538059915,0.641458619682542,76.82899525184497
1,Gradient Boost Regressor,0.999891696987882,1.386646334896768,0.8597288657691947,48.0551198743849
2,XGBoost Regressor,0.9945804959971475,9.809010763794657,0.8621877535132135,47.63206574129584
3,MLP Regressor,0.8627962134429698,49.35469688593082,0.8221295963633813,54.11371573127556
4,RandomSearch CV Gradient Boost Regressor,0.9781052575267364,19.715843451303904,0.8725763481250246,45.80158784522697
5,GridSearch CV XGBoost Regressor,0.9945601373394317,9.82741753124624,0.867311738365263,46.73817633730233
6,Hyperopt Gradient Boost Regressor,0.8690906830353953,48.20928815358951,0.8481303242000111,50.00242228376712
7,Hyperopt XGBoost Regressor,0.9979790537915925,5.989944761831345,0.8750317254380611,45.35815673374301
