,Method,Train R2,Train RMSE,Test R2,Test RMSE
0,Linear Regression,0.5618724301191165,88.19535887694337,0.578651542275401,83.28680742384523
1,Gradient Boost Regressor,0.9998815204396962,1.4503310915921517,0.8500361596871228,49.68768778100262
2,XGBoost Regressor,0.9939775189799177,10.340300509609046,0.8455510062075028,50.42524909318891
3,MLP Regressor,0.7548107878105272,65.97754012981032,0.7025559153099823,69.97746066993744
4,RandomSearch CV Gradient Boost Regressor,0.947551062127634,30.515029161994576,0.8566824196687627,48.57415387039667
5,GridSearch CV XGBoost Regressor,0.9925928355838929,11.467570870326272,0.8608829105303125,47.85703101806682
6,Hyperopt Gradient Boost Regressor,0.9227346969302705,37.037161614258956,0.8391394954469643,51.46123729857673
7,Hyperopt XGBoost Regressor,0.9999945735522023,0.3103868083267873,0.8635754790626856,47.39163906840263
