,Method,Train R2,Train RMSE,Test R2,Test RMSE
0,Linear Regression,0.6185228181568949,82.29618881032178,0.5779888564116571,83.35227735073117
1,Gradient Boost Regressor,0.9999217830187603,1.178408769113613,0.7147757332953467,68.52495306058684
2,XGBoost Regressor,0.9904317474468289,13.033520980706674,0.705241733013719,69.66080804119946
3,MLP Regressor,0.7678853210043803,64.19434079879785,0.6443170607563389,76.5221260462495
4,CV Gradient Boost Regressor,0.9739553116586473,21.50329548941711,0.7159237983472057,68.38690304506386
5,CV XGBoost Regressor,0.9991110944599431,3.972585443117286,0.7415161213887128,65.23373446204694
6,Hyperopt Gradient Boost Regressor,0.7851404927633587,61.762195834063334,0.683841430060773,72.14529105779475
7,Hyperopt XGBoost Regressor,0.9340761129135087,34.21108467216202,0.7191194507360041,68.00116348512601
