,Method,Train R2,Train RMSE,Test R2,Test RMSE
0,Linear Regression,0.5823262242502851,86.11207306211794,0.5940275128205484,81.75302133242347
1,Gradient Boost Regressor,0.9999564626510026,0.879177228628682,0.8670399426447051,46.7860205759534
2,XGBoost Regressor,0.9955051612926696,8.93310618774021,0.8608741124146471,47.858544293822604
3,MLP Regressor,0.7891249418804447,61.18684330443584,0.6627136273339647,74.51692206706014
4,RandomSearch CV Gradient Boost Regressor,0.9810830268291163,18.326151156288223,0.8669864926251306,46.795423634637885
5,GridSearch CV XGBoost Regressor,0.9995620707899414,2.788350711515214,0.8717384211367947,45.95193473668479
6,Hyperopt Gradient Boost Regressor,0.8739259874555287,47.310575182501275,0.8461871751033228,50.32129219634722
7,Hyperopt XGBoost Regressor,0.9907964531913873,12.782713440494616,0.8757352962378944,45.23029340737345
