,Method,Train R2,Train RMSE,Test R2,Test RMSE
0,Linear Regression,0.6185228181568949,82.29618881032178,0.5779888564116571,83.35227735073117
1,Gradient Boost Regressor,0.9999217830187603,1.178408769113613,0.7147757332953467,68.52495306058684
2,XGBoost Regressor,0.9904317474468289,13.033520980706674,0.705241733013719,69.66080804119946
3,MLP Regressor,0.7678853210043803,64.19434079879785,0.6443170607563389,76.5221260462495
4,CV Gradient Boost Regressor,0.9737201147702319,21.60017016529359,0.7027618558663589,69.95323142274377
5,CV XGBoost Regressor,0.9991110944599431,3.972585443117286,0.7415161213887128,65.23373446204694
6,Hyperopt Gradient Boost Regressor,0.7235301166873291,70.05987449971119,0.675699435427144,73.06836052645654
7,Hyperopt XGBoost Regressor,0.9700878145495286,23.04461796482208,0.7455925180734144,64.71730894859594
